{"assets/data/category.json":["assets/data/category.json"],"assets/data/data.py":["assets/data/data.py"],"assets/data/old.json":["assets/data/old.json"],"assets/data/quiz.json":["assets/data/quiz.json"],"assets/fonts/BalooDa2-Bold.ttf":["assets/fonts/BalooDa2-Bold.ttf"],"assets/fonts/BalooDa2-Medium.ttf":["assets/fonts/BalooDa2-Medium.ttf"],"assets/fonts/BalooDa2-Regular.ttf":["assets/fonts/BalooDa2-Regular.ttf"],"assets/icons/back.png":["assets/icons/back.png"],"assets/icons/category/code.jpeg":["assets/icons/category/code.jpeg"],"assets/icons/category/language.png":["assets/icons/category/language.png"],"assets/icons/category/math.png":["assets/icons/category/math.png"],"assets/icons/category/music.png":["assets/icons/category/music.png"],"assets/icons/category/nature.png":["assets/icons/category/nature.png"],"assets/icons/category/science.png":["assets/icons/category/science.png"],"assets/icons/category/sports.png":["assets/icons/category/sports.png"],"assets/icons/menu.png":["assets/icons/menu.png"],"assets/images/Common.bg.png":["assets/images/Common.bg.png"],"assets/images/SplashScreen.bg.png":["assets/images/SplashScreen.bg.png"],"assets/images/SplashScreen.shape.png":["assets/images/SplashScreen.shape.png"],"assets/images/back.png":["assets/images/back.png"],"assets/images/back2.png":["assets/images/back2.png"],"assets/images/back3.jpeg":["assets/images/back3.jpeg"],"assets/images/back4.jpg":["assets/images/back4.jpg"],"assets/images/back5.jpg":["assets/images/back5.jpg"],"assets/images/fail.jpg":["assets/images/fail.jpg"],"assets/images/hr.jpg":["assets/images/hr.jpg"],"assets/images/quizResultBadge.png":["assets/images/quizResultBadge.png"],"assets/images/su.jpg":["assets/images/su.jpg"],"packages/cupertino_icons/assets/CupertinoIcons.ttf":["packages/cupertino_icons/assets/CupertinoIcons.ttf"]}